pdb_id,reason,source,bytes,status
1aym,train:interface,/media/zzj/Data/pdb_mirror/ay/1aym.cif.gz,195275,ok
1bev,train:interface,/media/zzj/Data/pdb_mirror/be/1bev.cif.gz,177325,ok
1eq2,train:pn_unit,/media/zzj/Data/pdb_mirror/eq/1eq2.cif.gz,637226,ok
1f2n,train:interface,/media/zzj/Data/pdb_mirror/f2/1f2n.cif.gz,137188,ok
1f30,train:pn_unit,/media/zzj/Data/pdb_mirror/f3/1f30.cif.gz,389502,ok
1hed,train:pn_unit,/media/zzj/Data/pdb_mirror/he/1hed.cif.gz,64458,ok
1izc,train:interface,/media/zzj/Data/pdb_mirror/iz/1izc.cif.gz,80640,ok
1kwy,train:pn_unit,/media/zzj/Data/pdb_mirror/kw/1kwy.cif.gz,114397,ok
1lgh,train:pn_unit,/media/zzj/Data/pdb_mirror/lg/1lgh.cif.gz,151255,ok
1nlb,train:pn_unit,/media/zzj/Data/pdb_mirror/nl/1nlb.cif.gz,116371,ok
1np1,train:pn_unit,/media/zzj/Data/pdb_mirror/np/1np1.cif.gz,92201,ok
1nu1,train:pn_unit,/media/zzj/Data/pdb_mirror/nu/1nu1.cif.gz,438363,ok
1qit,train:interface,/media/zzj/Data/pdb_mirror/qi/1qit.cif.gz,95339,ok
1qju,train:interface,/media/zzj/Data/pdb_mirror/qj/1qju.cif.gz,190842,ok
1qjx,train:interface,/media/zzj/Data/pdb_mirror/qj/1qjx.cif.gz,188532,ok
1rvv,train:interface,/media/zzj/Data/pdb_mirror/rv/1rvv.cif.gz,835093,ok
1s4e,train:pn_unit,/media/zzj/Data/pdb_mirror/s4/1s4e.cif.gz,1158734,ok
1vey,train:pn_unit,/media/zzj/Data/pdb_mirror/ve/1vey.cif.gz,81557,ok
1zdj,train:pn_unit,/media/zzj/Data/pdb_mirror/zd/1zdj.cif.gz,96247,ok
1zdk,train:pn_unit,/media/zzj/Data/pdb_mirror/zd/1zdk.cif.gz,113670,ok
1zft,train:interface,/media/zzj/Data/pdb_mirror/zf/1zft.cif.gz,48196,ok
1zgj,train:interface,/media/zzj/Data/pdb_mirror/zg/1zgj.cif.gz,86269,ok
2buk,train:pn_unit,/media/zzj/Data/pdb_mirror/bu/2buk.cif.gz,55485,ok
2cih,train:interface,/media/zzj/Data/pdb_mirror/ci/2cih.cif.gz,63276,ok
2dw7,train:interface,/media/zzj/Data/pdb_mirror/dw/2dw7.cif.gz,1185643,ok
2ftm,train:pn_unit,/media/zzj/Data/pdb_mirror/ft/2ftm.cif.gz,81682,ok
2gp1,train:interface,/media/zzj/Data/pdb_mirror/gp/2gp1.cif.gz,313359,ok
2hr8,train:pn_unit,/media/zzj/Data/pdb_mirror/hr/2hr8.cif.gz,120259,ok
2jd8,train:pn_unit,/media/zzj/Data/pdb_mirror/jd/2jd8.cif.gz,1231679,ok
2r06,train:interface,/media/zzj/Data/pdb_mirror/r0/2r06.cif.gz,160381,ok
2v8u,train:pn_unit,/media/zzj/Data/pdb_mirror/v8/2v8u.cif.gz,302173,ok
2vlb,train:pn_unit,/media/zzj/Data/pdb_mirror/vl/2vlb.cif.gz,193350,ok
2vqe,train:interface,/media/zzj/Data/pdb_mirror/vq/2vqe.cif.gz,1385656,ok
2xuk,train:pn_unit,/media/zzj/Data/pdb_mirror/xu/2xuk.cif.gz,434238,ok
2y4n,train:pn_unit,/media/zzj/Data/pdb_mirror/y4/2y4n.cif.gz,203052,ok
2zfo,train:interface,/media/zzj/Data/pdb_mirror/zf/2zfo.cif.gz,144751,ok
2zi0,train:interface,/media/zzj/Data/pdb_mirror/zi/2zi0.cif.gz,58893,ok
357d,train:interface,/media/zzj/Data/pdb_mirror/57/357d.cif.gz,46533,ok
3bc1,train:pn_unit,/media/zzj/Data/pdb_mirror/bc/3bc1.cif.gz,120693,ok
3bfw,train:interface,/media/zzj/Data/pdb_mirror/bf/3bfw.cif.gz,74943,ok
3bza,train:interface,/media/zzj/Data/pdb_mirror/bz/3bza.cif.gz,331898,ok
3e0d,train:pn_unit,/media/zzj/Data/pdb_mirror/e0/3e0d.cif.gz,516717,ok
3i6v,train:pn_unit,/media/zzj/Data/pdb_mirror/i6/3i6v.cif.gz,58578,ok
3ixv,train:interface,/media/zzj/Data/pdb_mirror/ix/3ixv.cif.gz,1584535,ok
3j48,train:pn_unit,/media/zzj/Data/pdb_mirror/j4/3j48.cif.gz,39271,ok
3j7r,train:interface,/media/zzj/Data/pdb_mirror/j7/3j7r.cif.gz,5741317,ok
3jae,train:interface,/media/zzj/Data/pdb_mirror/ja/3jae.cif.gz,306137,ok
3jbo,train:interface,/media/zzj/Data/pdb_mirror/jb/3jbo.cif.gz,4368583,ok
3jcx,train:pn_unit,/media/zzj/Data/pdb_mirror/jc/3jcx.cif.gz,156822,ok
3mdx,train:pn_unit,/media/zzj/Data/pdb_mirror/md/3mdx.cif.gz,79080,ok
3n7x,train:interface,/media/zzj/Data/pdb_mirror/n7/3n7x.cif.gz,81476,ok
3ng9,train:pn_unit,/media/zzj/Data/pdb_mirror/ng/3ng9.cif.gz,1057865,ok
3njh,train:interface,/media/zzj/Data/pdb_mirror/nj/3njh.cif.gz,117191,ok
3np2,train:interface,/media/zzj/Data/pdb_mirror/np/3np2.cif.gz,57500,ok
3oaa,train:pn_unit,/media/zzj/Data/pdb_mirror/oa/3oaa.cif.gz,5146802,ok
3ojn,train:pn_unit,/media/zzj/Data/pdb_mirror/oj/3ojn.cif.gz,622832,ok
3q2a,train:interface,/media/zzj/Data/pdb_mirror/q2/3q2a.cif.gz,445558,ok
3shp,train:interface,/media/zzj/Data/pdb_mirror/sh/3shp.cif.gz,158718,ok
3sn1,train:pn_unit,/media/zzj/Data/pdb_mirror/sn/3sn1.cif.gz,185342,ok
3uhg,train:pn_unit,/media/zzj/Data/pdb_mirror/uh/3uhg.cif.gz,77081,ok
3vbr,train:interface,/media/zzj/Data/pdb_mirror/vb/3vbr.cif.gz,151826,ok
3vr9,train:pn_unit,/media/zzj/Data/pdb_mirror/vr/3vr9.cif.gz,480527,ok
4b2j,train:pn_unit,/media/zzj/Data/pdb_mirror/b2/4b2j.cif.gz,32129,ok
4b5s,train:interface,/media/zzj/Data/pdb_mirror/b5/4b5s.cif.gz,225959,ok
4dd3,train:pn_unit,/media/zzj/Data/pdb_mirror/dd/4dd3.cif.gz,41866,ok
4fhf,train:interface,/media/zzj/Data/pdb_mirror/fh/4fhf.cif.gz,90720,ok
4g45,train:pn_unit,/media/zzj/Data/pdb_mirror/g4/4g45.cif.gz,117240,ok
4gl6,train:pn_unit,/media/zzj/Data/pdb_mirror/gl/4gl6.cif.gz,213715,ok
4hdb,train:pn_unit,/media/zzj/Data/pdb_mirror/hd/4hdb.cif.gz,110319,ok
4ks1,train:pn_unit,/media/zzj/Data/pdb_mirror/ks/4ks1.cif.gz,99203,ok
4lx8,train:interface,/media/zzj/Data/pdb_mirror/lx/4lx8.cif.gz,40169,ok
4q4w,train:pn_unit,/media/zzj/Data/pdb_mirror/q4/4q4w.cif.gz,206418,ok
4r1v,train:interface,/media/zzj/Data/pdb_mirror/r1/4r1v.cif.gz,151113,ok
4u4z,train:pn_unit,/media/zzj/Data/pdb_mirror/u4/4u4z.cif.gz,20552411,ok
4u6f,train:pn_unit,/media/zzj/Data/pdb_mirror/u6/4u6f.cif.gz,20449997,ok
4ub6,train:interface,/media/zzj/Data/pdb_mirror/ub/4ub6.cif.gz,2725902,ok
4uzc,train:interface,/media/zzj/Data/pdb_mirror/uz/4uzc.cif.gz,119195,ok
4v5c,train:interface,/media/zzj/Data/pdb_mirror/v5/4v5c.cif.gz,7349105,ok
4v6b,train:interface,/media/zzj/Data/pdb_mirror/v6/4v6b.cif.gz,4520266,ok
4v6f,train:interface,/media/zzj/Data/pdb_mirror/v6/4v6f.cif.gz,8183660,ok
4w2g,train:interface,/media/zzj/Data/pdb_mirror/w2/4w2g.cif.gz,7946758,ok
4wiz,train:pn_unit,/media/zzj/Data/pdb_mirror/wi/4wiz.cif.gz,5039555,ok
4x8a,train:pn_unit,/media/zzj/Data/pdb_mirror/x8/4x8a.cif.gz,168136,ok
4xkt,train:interface,/media/zzj/Data/pdb_mirror/xk/4xkt.cif.gz,873758,ok
4ytt,train:interface,/media/zzj/Data/pdb_mirror/yt/4ytt.cif.gz,276301,ok
4z3s,train:interface,/media/zzj/Data/pdb_mirror/z3/4z3s.cif.gz,7934905,ok
4z4b,train:pn_unit,/media/zzj/Data/pdb_mirror/z4/4z4b.cif.gz,35152,ok
5a3m,train:interface,/media/zzj/Data/pdb_mirror/a3/5a3m.cif.gz,216383,ok
5adu,train:pn_unit,/media/zzj/Data/pdb_mirror/ad/5adu.cif.gz,730105,ok
5aj0,train:interface,/media/zzj/Data/pdb_mirror/aj/5aj0.cif.gz,5037438,ok
5dfe,train:interface,/media/zzj/Data/pdb_mirror/df/5dfe.cif.gz,16980299,ok
5eay,train:interface,/media/zzj/Data/pdb_mirror/ea/5eay.cif.gz,109040,ok
5ehz,train:pn_unit,/media/zzj/Data/pdb_mirror/eh/5ehz.cif.gz,446704,ok
5eml,train:pn_unit,/media/zzj/Data/pdb_mirror/em/5eml.cif.gz,214360,ok
5f2l,train:pn_unit,/media/zzj/Data/pdb_mirror/f2/5f2l.cif.gz,800658,ok
5f8k,train:interface,/media/zzj/Data/pdb_mirror/f8/5f8k.cif.gz,8017007,ok
5gu2,train:pn_unit,/media/zzj/Data/pdb_mirror/gu/5gu2.cif.gz,53739,ok
5ijb,train:pn_unit,/media/zzj/Data/pdb_mirror/ij/5ijb.cif.gz,610297,ok
5it7,train:interface,/media/zzj/Data/pdb_mirror/it/5it7.cif.gz,5563218,ok
5j4c,train:interface,/media/zzj/Data/pdb_mirror/j4/5j4c.cif.gz,8175475,ok
5lbt,train:pn_unit,/media/zzj/Data/pdb_mirror/lb/5lbt.cif.gz,210706,ok
5lwi,train:interface,/media/zzj/Data/pdb_mirror/lw/5lwi.cif.gz,161630,ok
5lzv,train:interface,/media/zzj/Data/pdb_mirror/lz/5lzv.cif.gz,5716961,ok
5mqf,train:pn_unit,/media/zzj/Data/pdb_mirror/mq/5mqf.cif.gz,1726056,ok
5mre,train:interface,/media/zzj/Data/pdb_mirror/mr/5mre.cif.gz,5142308,ok
5ndv,train:interface,/media/zzj/Data/pdb_mirror/nd/5ndv.cif.gz,19577332,ok
5nnp,train:pn_unit,/media/zzj/Data/pdb_mirror/nn/5nnp.cif.gz,769369,ok
5o5r,train:pn_unit,/media/zzj/Data/pdb_mirror/o5/5o5r.cif.gz,372736,ok
5ofg,train:interface,/media/zzj/Data/pdb_mirror/of/5ofg.cif.gz,88254,ok
5ool,train:pn_unit,/media/zzj/Data/pdb_mirror/oo/5ool.cif.gz,2316897,ok
5oyi,train:pn_unit,/media/zzj/Data/pdb_mirror/oy/5oyi.cif.gz,568012,ok
5pzt,train:pn_unit,/media/zzj/Data/pdb_mirror/pz/5pzt.cif.gz,965361,ok
5qbe,train:pn_unit,/media/zzj/Data/pdb_mirror/qb/5qbe.cif.gz,148687,ok
5r20,train:interface,/media/zzj/Data/pdb_mirror/r2/5r20.cif.gz,202487,ok
5tga,train:interface,/media/zzj/Data/pdb_mirror/tg/5tga.cif.gz,10708763,ok
5uw2,train:interface,/media/zzj/Data/pdb_mirror/uw/5uw2.cif.gz,148888,ok
5vml,train:interface,/media/zzj/Data/pdb_mirror/vm/5vml.cif.gz,121997,ok
5vp2,train:interface,/media/zzj/Data/pdb_mirror/vp/5vp2.cif.gz,8119321,ok
5vtd,train:pn_unit,/media/zzj/Data/pdb_mirror/vt/5vtd.cif.gz,61668,ok
5ws5,train:interface,/media/zzj/Data/pdb_mirror/ws/5ws5.cif.gz,2663823,ok
5xfh,train:interface,/media/zzj/Data/pdb_mirror/xf/5xfh.cif.gz,75542,ok
5xs4,train:pn_unit,/media/zzj/Data/pdb_mirror/xs/5xs4.cif.gz,132216,ok
5yhq,train:pn_unit,/media/zzj/Data/pdb_mirror/yh/5yhq.cif.gz,142090,ok
5zf0,train:interface,/media/zzj/Data/pdb_mirror/zf/5zf0.cif.gz,3730836,ok
5zud,train:interface,/media/zzj/Data/pdb_mirror/zu/5zud.cif.gz,235085,ok
6arb,train:pn_unit,/media/zzj/Data/pdb_mirror/ar/6arb.cif.gz,341949,ok
6bvf,train:pn_unit,/media/zzj/Data/pdb_mirror/bv/6bvf.cif.gz,118608,ok
6c4z,train:interface,/media/zzj/Data/pdb_mirror/c4/6c4z.cif.gz,187532,ok
6duz,train:pn_unit,/media/zzj/Data/pdb_mirror/du/6duz.cif.gz,1607090,ok
6elz,train:interface,/media/zzj/Data/pdb_mirror/el/6elz.cif.gz,3538527,ok
6fdw,train:pn_unit,/media/zzj/Data/pdb_mirror/fd/6fdw.cif.gz,156939,ok
6hcq,train:interface,/media/zzj/Data/pdb_mirror/hc/6hcq.cif.gz,4944497,ok
6hhq,train:interface,/media/zzj/Data/pdb_mirror/hh/6hhq.cif.gz,20089241,ok
6i2k,train:interface,/media/zzj/Data/pdb_mirror/i2/6i2k.cif.gz,245258,ok
6i3j,train:pn_unit,/media/zzj/Data/pdb_mirror/i3/6i3j.cif.gz,254566,ok
6j3y,train:interface,/media/zzj/Data/pdb_mirror/j3/6j3y.cif.gz,1596714,ok
6l98,train:interface,/media/zzj/Data/pdb_mirror/l9/6l98.cif.gz,115041,ok
6lhc,train:pn_unit,/media/zzj/Data/pdb_mirror/lh/6lhc.cif.gz,130102,ok
6lho,train:interface,/media/zzj/Data/pdb_mirror/lh/6lho.cif.gz,129097,ok
6lqr,train:pn_unit,/media/zzj/Data/pdb_mirror/lq/6lqr.cif.gz,5178688,ok
6m2t,train:interface,/media/zzj/Data/pdb_mirror/m2/6m2t.cif.gz,435561,ok
6mgm,train:pn_unit,/media/zzj/Data/pdb_mirror/mg/6mgm.cif.gz,57097,ok
6ndk,train:interface,/media/zzj/Data/pdb_mirror/nd/6ndk.cif.gz,8068872,ok
6oqr,train:interface,/media/zzj/Data/pdb_mirror/oq/6oqr.cif.gz,827879,ok
6p2k,train:pn_unit,/media/zzj/Data/pdb_mirror/p2/6p2k.cif.gz,672194,ok
6pgk,train:interface,/media/zzj/Data/pdb_mirror/pg/6pgk.cif.gz,1853744,ok
6pov,train:interface,/media/zzj/Data/pdb_mirror/po/6pov.cif.gz,702702,ok
6r51,train:pn_unit,/media/zzj/Data/pdb_mirror/r5/6r51.cif.gz,362795,ok
6rxt,train:interface,/media/zzj/Data/pdb_mirror/rx/6rxt.cif.gz,4106742,ok
6s2h,train:pn_unit,/media/zzj/Data/pdb_mirror/s2/6s2h.cif.gz,308592,ok
6ssq,train:interface,/media/zzj/Data/pdb_mirror/ss/6ssq.cif.gz,225558,ok
6t40,train:interface,/media/zzj/Data/pdb_mirror/t4/6t40.cif.gz,195951,ok
6tb5,train:pn_unit,/media/zzj/Data/pdb_mirror/tb/6tb5.cif.gz,55651,ok
6tdz,train:pn_unit,/media/zzj/Data/pdb_mirror/td/6tdz.cif.gz,1717060,ok
6th3,train:pn_unit,/media/zzj/Data/pdb_mirror/th/6th3.cif.gz,65688,ok
6trc,train:pn_unit,/media/zzj/Data/pdb_mirror/tr/6trc.cif.gz,1718367,ok
6w72,train:pn_unit,/media/zzj/Data/pdb_mirror/w7/6w72.cif.gz,82299,ok
6wj4,train:pn_unit,/media/zzj/Data/pdb_mirror/wj/6wj4.cif.gz,97443,ok
6wme,train:interface,/media/zzj/Data/pdb_mirror/wm/6wme.cif.gz,133365,ok
6xhw,train:interface,/media/zzj/Data/pdb_mirror/xh/6xhw.cif.gz,7942373,ok
6yf7,train:interface,/media/zzj/Data/pdb_mirror/yf/6yf7.cif.gz,5598483,ok
6yft,train:interface,/media/zzj/Data/pdb_mirror/yf/6yft.cif.gz,8053838,ok
6zxg,train:interface,/media/zzj/Data/pdb_mirror/zx/6zxg.cif.gz,1866183,ok
7aig,train:interface,/media/zzj/Data/pdb_mirror/ai/7aig.cif.gz,574183,ok
7aso,train:interface,/media/zzj/Data/pdb_mirror/as/7aso.cif.gz,2795326,ok
7azo,train:pn_unit,/media/zzj/Data/pdb_mirror/az/7azo.cif.gz,8176391,ok
7c9s,train:pn_unit,/media/zzj/Data/pdb_mirror/c9/7c9s.cif.gz,161910,ok
7ch8,train:pn_unit,/media/zzj/Data/pdb_mirror/ch/7ch8.cif.gz,369379,ok
7czl,train:interface,/media/zzj/Data/pdb_mirror/cz/7czl.cif.gz,1105327,ok
7ecr,train:pn_unit,/media/zzj/Data/pdb_mirror/ec/7ecr.cif.gz,321176,ok
7ejj,train:pn_unit,/media/zzj/Data/pdb_mirror/ej/7ejj.cif.gz,243112,ok
7enp,train:interface,/media/zzj/Data/pdb_mirror/en/7enp.cif.gz,145379,ok
7eoq,train:pn_unit,/media/zzj/Data/pdb_mirror/eo/7eoq.cif.gz,563434,ok
7gxj,train:pn_unit,/media/zzj/Data/pdb_mirror/gx/7gxj.cif.gz,76273,ok
7k5l,train:interface,/media/zzj/Data/pdb_mirror/k5/7k5l.cif.gz,55774,ok
7kpn,train:interface,/media/zzj/Data/pdb_mirror/kp/7kpn.cif.gz,144476,ok
7kq5,train:pn_unit,/media/zzj/Data/pdb_mirror/kq/7kq5.cif.gz,112356,ok
7l8b,train:pn_unit,/media/zzj/Data/pdb_mirror/l8/7l8b.cif.gz,396819,ok
7mct,train:pn_unit,/media/zzj/Data/pdb_mirror/mc/7mct.cif.gz,115782,ok
7mpj,train:interface,/media/zzj/Data/pdb_mirror/mp/7mpj.cif.gz,4557462,ok
7n7i,train:pn_unit,/media/zzj/Data/pdb_mirror/n7/7n7i.cif.gz,190822,ok
7nme,train:pn_unit,/media/zzj/Data/pdb_mirror/nm/7nme.cif.gz,187884,ok
7o66,train:pn_unit,/media/zzj/Data/pdb_mirror/o6/7o66.cif.gz,65997,ok
7o6y,train:interface,/media/zzj/Data/pdb_mirror/o6/7o6y.cif.gz,1497856,ok
7o75,train:interface,/media/zzj/Data/pdb_mirror/o7/7o75.cif.gz,1743371,ok
7od7,train:pn_unit,/media/zzj/Data/pdb_mirror/od/7od7.cif.gz,117016,ok
7osm,train:interface,/media/zzj/Data/pdb_mirror/os/7osm.cif.gz,5484992,ok
7owj,train:pn_unit,/media/zzj/Data/pdb_mirror/ow/7owj.cif.gz,253220,ok
7p3k,train:interface,/media/zzj/Data/pdb_mirror/p3/7p3k.cif.gz,3262902,ok
7qi5,train:interface,/media/zzj/Data/pdb_mirror/qi/7qi5.cif.gz,7484866,ok
7rdh,train:interface,/media/zzj/Data/pdb_mirror/rd/7rdh.cif.gz,422618,ok
7ryw,train:interface,/media/zzj/Data/pdb_mirror/ry/7ryw.cif.gz,53029,ok
7s8a,train:pn_unit,/media/zzj/Data/pdb_mirror/s8/7s8a.cif.gz,111196,ok
7sa4,train:pn_unit,/media/zzj/Data/pdb_mirror/sa/7sa4.cif.gz,3476698,ok
7sfs,train:pn_unit,/media/zzj/Data/pdb_mirror/sf/7sfs.cif.gz,1618907,ok
7ter,train:pn_unit,/media/zzj/Data/pdb_mirror/te/7ter.cif.gz,716070,ok
7tzn,train:interface,/media/zzj/Data/pdb_mirror/tz/7tzn.cif.gz,105502,ok
7vej,train:pn_unit,/media/zzj/Data/pdb_mirror/ve/7vej.cif.gz,259641,ok
7vlp,train:pn_unit,/media/zzj/Data/pdb_mirror/vl/7vlp.cif.gz,166892,ok
7w2k,train:pn_unit,/media/zzj/Data/pdb_mirror/w2/7w2k.cif.gz,1708992,ok
7xrv,train:interface,/media/zzj/Data/pdb_mirror/xr/7xrv.cif.gz,1103937,ok
7y1i,train:interface,/media/zzj/Data/pdb_mirror/y1/7y1i.cif.gz,607777,ok
7ybl,train:pn_unit,/media/zzj/Data/pdb_mirror/yb/7ybl.cif.gz,621053,ok
7yxo,train:interface,/media/zzj/Data/pdb_mirror/yx/7yxo.cif.gz,168174,ok
7zqc,train:interface,/media/zzj/Data/pdb_mirror/zq/7zqc.cif.gz,2132370,ok
7zsa,train:interface,/media/zzj/Data/pdb_mirror/zs/7zsa.cif.gz,2030494,ok
8a6j,train:pn_unit,/media/zzj/Data/pdb_mirror/a6/8a6j.cif.gz,393789,ok
8abl,train:pn_unit,/media/zzj/Data/pdb_mirror/ab/8abl.cif.gz,830262,ok
8akq,train:interface,/media/zzj/Data/pdb_mirror/ak/8akq.cif.gz,2275320,ok
8any,train:pn_unit,/media/zzj/Data/pdb_mirror/an/8any.cif.gz,7731502,ok
8e6j,train:interface,/media/zzj/Data/pdb_mirror/e6/8e6j.cif.gz,502925,ok
8ekc,train:pn_unit,/media/zzj/Data/pdb_mirror/ek/8ekc.cif.gz,3337435,ok
8eui,train:interface,/media/zzj/Data/pdb_mirror/eu/8eui.cif.gz,3140257,ok
8f61,train:interface,/media/zzj/Data/pdb_mirror/f6/8f61.cif.gz,824814,ok
8fai,train:interface,/media/zzj/Data/pdb_mirror/fa/8fai.cif.gz,188619,ok
8fwg,train:interface,/media/zzj/Data/pdb_mirror/fw/8fwg.cif.gz,4851419,ok
8g2c,train:interface,/media/zzj/Data/pdb_mirror/g2/8g2c.cif.gz,7964990,ok
8g6j,train:interface,/media/zzj/Data/pdb_mirror/g6/8g6j.cif.gz,5204480,ok
8hg6,train:interface,/media/zzj/Data/pdb_mirror/hg/8hg6.cif.gz,186384,ok
8hxx,train:pn_unit,/media/zzj/Data/pdb_mirror/hx/8hxx.cif.gz,434898,ok
8hy0,train:interface,/media/zzj/Data/pdb_mirror/hy/8hy0.cif.gz,783426,ok
8i5g,train:pn_unit,/media/zzj/Data/pdb_mirror/i5/8i5g.cif.gz,374753,ok
8idy,train:pn_unit,/media/zzj/Data/pdb_mirror/id/8idy.cif.gz,3594754,ok
8j9m,train:pn_unit,/media/zzj/Data/pdb_mirror/j9/8j9m.cif.gz,119229,ok
8jc8,train:pn_unit,/media/zzj/Data/pdb_mirror/jc/8jc8.cif.gz,439991,ok
8jj0,train:pn_unit,/media/zzj/Data/pdb_mirror/jj/8jj0.cif.gz,620800,ok
8k5v,train:pn_unit,/media/zzj/Data/pdb_mirror/k5/8k5v.cif.gz,117330,ok
8oe3,train:pn_unit,/media/zzj/Data/pdb_mirror/oe/8oe3.cif.gz,43551,ok
8olt,train:pn_unit,/media/zzj/Data/pdb_mirror/ol/8olt.cif.gz,1564874,ok
8p2k,train:interface,/media/zzj/Data/pdb_mirror/p2/8p2k.cif.gz,7482289,ok
8pnn,train:interface,/media/zzj/Data/pdb_mirror/pn/8pnn.cif.gz,10480973,ok
8r69,train:pn_unit,/media/zzj/Data/pdb_mirror/r6/8r69.cif.gz,686070,ok
8rxx,train:pn_unit,/media/zzj/Data/pdb_mirror/rx/8rxx.cif.gz,5499704,ok
8t9e,train:pn_unit,/media/zzj/Data/pdb_mirror/t9/8t9e.cif.gz,89919,ok
8uj9,train:interface,,0,missing
8urm,train:pn_unit,/media/zzj/Data/pdb_mirror/ur/8urm.cif.gz,3469429,ok
8vcw,train:interface,/media/zzj/Data/pdb_mirror/vc/8vcw.cif.gz,97152,ok
8w5l,train:pn_unit,/media/zzj/Data/pdb_mirror/w5/8w5l.cif.gz,116540,ok
8w6q,train:pn_unit,/media/zzj/Data/pdb_mirror/w6/8w6q.cif.gz,56153,ok
8wgh,train:pn_unit,/media/zzj/Data/pdb_mirror/wg/8wgh.cif.gz,1142714,ok
8x7r,train:interface,/media/zzj/Data/pdb_mirror/x7/8x7r.cif.gz,113800,ok
8xsz,train:interface,/media/zzj/Data/pdb_mirror/xs/8xsz.cif.gz,5159614,ok
8zge,train:pn_unit,/media/zzj/Data/pdb_mirror/zg/8zge.cif.gz,542665,ok
8zkq,train:interface,/media/zzj/Data/pdb_mirror/zk/8zkq.cif.gz,504891,ok
8zly,train:interface,/media/zzj/Data/pdb_mirror/zl/8zly.cif.gz,885765,ok
9b0r,train:interface,,0,missing
9brc,train:pn_unit,/media/zzj/Data/pdb_mirror/br/9brc.cif.gz,1318586,ok
9c6r,train:pn_unit,/media/zzj/Data/pdb_mirror/c6/9c6r.cif.gz,1379441,ok
9cdv,train:interface,/media/zzj/Data/pdb_mirror/cd/9cdv.cif.gz,441005,ok
9ct2,train:pn_unit,/media/zzj/Data/pdb_mirror/ct/9ct2.cif.gz,667950,ok
9d0j,train:interface,/media/zzj/Data/pdb_mirror/d0/9d0j.cif.gz,7950316,ok
9da5,train:pn_unit,/media/zzj/Data/pdb_mirror/da/9da5.cif.gz,65928,ok
9dnu,train:pn_unit,/media/zzj/Data/pdb_mirror/dn/9dnu.cif.gz,95572,ok
9e76,train:interface,/media/zzj/Data/pdb_mirror/e7/9e76.cif.gz,1247583,ok
9grx,train:interface,/media/zzj/Data/pdb_mirror/gr/9grx.cif.gz,2148541,ok
9hri,holdout,/media/zzj/Data/pdb_mirror/hr/9hri.cif.gz,238384,ok
9hrt,holdout,/media/zzj/Data/pdb_mirror/hr/9hrt.cif.gz,68853,ok
9hs0,holdout,/media/zzj/Data/pdb_mirror/hs/9hs0.cif.gz,180594,ok
9hsb,holdout,/media/zzj/Data/pdb_mirror/hs/9hsb.cif.gz,90424,ok
9hsc,holdout,/media/zzj/Data/pdb_mirror/hs/9hsc.cif.gz,84253,ok
9hsd,holdout,/media/zzj/Data/pdb_mirror/hs/9hsd.cif.gz,84185,ok
9hse,holdout,/media/zzj/Data/pdb_mirror/hs/9hse.cif.gz,84393,ok
9hsf,holdout,/media/zzj/Data/pdb_mirror/hs/9hsf.cif.gz,84373,ok
9hsg,holdout,/media/zzj/Data/pdb_mirror/hs/9hsg.cif.gz,88789,ok
9hsh,holdout,/media/zzj/Data/pdb_mirror/hs/9hsh.cif.gz,78838,ok
9hsi,holdout,/media/zzj/Data/pdb_mirror/hs/9hsi.cif.gz,89512,ok
9hsj,holdout,/media/zzj/Data/pdb_mirror/hs/9hsj.cif.gz,88871,ok
9hsk,holdout,/media/zzj/Data/pdb_mirror/hs/9hsk.cif.gz,82000,ok
9hsl,holdout,/media/zzj/Data/pdb_mirror/hs/9hsl.cif.gz,85369,ok
9hsm,holdout,/media/zzj/Data/pdb_mirror/hs/9hsm.cif.gz,84236,ok
9hsn,holdout,/media/zzj/Data/pdb_mirror/hs/9hsn.cif.gz,85141,ok
9hso,holdout,/media/zzj/Data/pdb_mirror/hs/9hso.cif.gz,81205,ok
9hsp,holdout,/media/zzj/Data/pdb_mirror/hs/9hsp.cif.gz,86566,ok
9hsq,holdout,/media/zzj/Data/pdb_mirror/hs/9hsq.cif.gz,86826,ok
9hsr,holdout,/media/zzj/Data/pdb_mirror/hs/9hsr.cif.gz,82936,ok
9hss,holdout,/media/zzj/Data/pdb_mirror/hs/9hss.cif.gz,86276,ok
9hst,holdout,/media/zzj/Data/pdb_mirror/hs/9hst.cif.gz,83944,ok
9hsu,holdout,/media/zzj/Data/pdb_mirror/hs/9hsu.cif.gz,85708,ok
9hsv,holdout,/media/zzj/Data/pdb_mirror/hs/9hsv.cif.gz,89379,ok
9hsw,holdout,/media/zzj/Data/pdb_mirror/hs/9hsw.cif.gz,86411,ok
9hsx,holdout,/media/zzj/Data/pdb_mirror/hs/9hsx.cif.gz,84706,ok
9hsy,holdout,/media/zzj/Data/pdb_mirror/hs/9hsy.cif.gz,79996,ok
9hsz,holdout,/media/zzj/Data/pdb_mirror/hs/9hsz.cif.gz,85040,ok
9ht4,holdout,/media/zzj/Data/pdb_mirror/ht/9ht4.cif.gz,143289,ok
9hta,holdout,/media/zzj/Data/pdb_mirror/ht/9hta.cif.gz,138452,ok
9htu,holdout,/media/zzj/Data/pdb_mirror/ht/9htu.cif.gz,59996,ok
9htx,holdout,/media/zzj/Data/pdb_mirror/ht/9htx.cif.gz,1250909,ok
9hu9,holdout,/media/zzj/Data/pdb_mirror/hu/9hu9.cif.gz,1275913,ok
9hvc,holdout,/media/zzj/Data/pdb_mirror/hv/9hvc.cif.gz,29278,ok
9hvh,holdout,/media/zzj/Data/pdb_mirror/hv/9hvh.cif.gz,118459,ok
9hvj,holdout,/media/zzj/Data/pdb_mirror/hv/9hvj.cif.gz,96855,ok
9l2n,holdout,/media/zzj/Data/pdb_mirror/l2/9l2n.cif.gz,146250,ok
9l2x,holdout,/media/zzj/Data/pdb_mirror/l2/9l2x.cif.gz,140752,ok
9l2y,holdout,/media/zzj/Data/pdb_mirror/l2/9l2y.cif.gz,136419,ok
9l2z,holdout,/media/zzj/Data/pdb_mirror/l2/9l2z.cif.gz,136396,ok
9l30,holdout,/media/zzj/Data/pdb_mirror/l3/9l30.cif.gz,136628,ok
9l31,holdout,/media/zzj/Data/pdb_mirror/l3/9l31.cif.gz,136599,ok
9l32,holdout,/media/zzj/Data/pdb_mirror/l3/9l32.cif.gz,136628,ok
9l33,holdout,/media/zzj/Data/pdb_mirror/l3/9l33.cif.gz,136212,ok
9l3c,holdout,/media/zzj/Data/pdb_mirror/l3/9l3c.cif.gz,345995,ok
9l3o,holdout,/media/zzj/Data/pdb_mirror/l3/9l3o.cif.gz,584409,ok
9l3p,holdout,/media/zzj/Data/pdb_mirror/l3/9l3p.cif.gz,276892,ok
9l3t,holdout,/media/zzj/Data/pdb_mirror/l3/9l3t.cif.gz,501400,ok
9l48,holdout,/media/zzj/Data/pdb_mirror/l4/9l48.cif.gz,230518,ok
9l4a,holdout,/media/zzj/Data/pdb_mirror/l4/9l4a.cif.gz,198291,ok
9l5u,holdout,/media/zzj/Data/pdb_mirror/l5/9l5u.cif.gz,287797,ok
9l6x,holdout,/media/zzj/Data/pdb_mirror/l6/9l6x.cif.gz,195888,ok
9l6z,holdout,/media/zzj/Data/pdb_mirror/l6/9l6z.cif.gz,121598,ok
9l7e,holdout,/media/zzj/Data/pdb_mirror/l7/9l7e.cif.gz,141134,ok
9l8r,holdout,/media/zzj/Data/pdb_mirror/l8/9l8r.cif.gz,156708,ok
9l9r,holdout,/media/zzj/Data/pdb_mirror/l9/9l9r.cif.gz,42240,ok
9ml8,holdout,/media/zzj/Data/pdb_mirror/ml/9ml8.cif.gz,1222559,ok
9mly,holdout,/media/zzj/Data/pdb_mirror/ml/9mly.cif.gz,435286,ok
9mlz,holdout,/media/zzj/Data/pdb_mirror/ml/9mlz.cif.gz,439083,ok
9mm0,holdout,/media/zzj/Data/pdb_mirror/mm/9mm0.cif.gz,429098,ok
9mm1,holdout,/media/zzj/Data/pdb_mirror/mm/9mm1.cif.gz,434383,ok
9mm2,holdout,/media/zzj/Data/pdb_mirror/mm/9mm2.cif.gz,121309,ok
9mmh,holdout,/media/zzj/Data/pdb_mirror/mm/9mmh.cif.gz,336481,ok
9mmi,holdout,/media/zzj/Data/pdb_mirror/mm/9mmi.cif.gz,616707,ok
9moj,holdout,/media/zzj/Data/pdb_mirror/mo/9moj.cif.gz,341098,ok
9mp3,holdout,/media/zzj/Data/pdb_mirror/mp/9mp3.cif.gz,46952,ok
9mp4,holdout,/media/zzj/Data/pdb_mirror/mp/9mp4.cif.gz,47111,ok
9mp5,holdout,/media/zzj/Data/pdb_mirror/mp/9mp5.cif.gz,44893,ok
9mp6,holdout,/media/zzj/Data/pdb_mirror/mp/9mp6.cif.gz,70247,ok
9mp7,holdout,/media/zzj/Data/pdb_mirror/mp/9mp7.cif.gz,43953,ok
9mp8,holdout,/media/zzj/Data/pdb_mirror/mp/9mp8.cif.gz,72722,ok
9mp9,holdout,/media/zzj/Data/pdb_mirror/mp/9mp9.cif.gz,72277,ok
9mpa,holdout,/media/zzj/Data/pdb_mirror/mp/9mpa.cif.gz,44580,ok
